timestamp,trial_num,trial_type,response
2025-04-04 10:46:27.537013,5,new,correct
2025-04-04 10:46:27.537804,5,new,correct
2025-04-04 10:46:27.538511,5,new,correct
2025-04-04 10:46:27.539132,5,new,correct
2025-04-04 10:46:27.539748,5,new,correct
2025-04-04 10:46:27.540375,5,new,correct
2025-04-04 10:46:27.540985,5,new,correct
2025-04-04 10:46:27.541620,5,new,correct
2025-04-04 10:46:27.542239,5,new,correct
2025-04-04 10:46:27.542843,5,new,correct
2025-04-04 10:46:27.543448,5,new,correct
2025-04-04 10:46:27.544051,5,new,correct
2025-04-04 10:46:27.544651,5,new,correct
2025-04-04 10:46:27.545253,5,new,correct
2025-04-04 10:46:27.545850,5,new,correct
2025-04-04 10:46:27.546458,5,new,correct
2025-04-04 10:46:27.547062,5,new,correct
2025-04-04 10:46:27.547662,5,new,correct
2025-04-04 10:46:27.548264,5,new,correct
2025-04-04 10:46:27.548860,5,new,correct
2025-04-04 10:46:27.549465,5,new,correct
2025-04-04 10:46:27.550064,5,new,correct
2025-04-04 10:46:27.550647,5,new,correct
2025-04-04 10:46:27.551235,5,new,correct
2025-04-04 10:46:27.551820,5,new,correct
2025-04-04 10:46:27.552406,5,new,correct
2025-04-04 10:46:27.553011,5,new,correct
2025-04-04 10:46:27.553599,5,new,correct
2025-04-04 10:46:27.554191,5,new,correct
2025-04-04 10:46:27.554772,5,new,correct
2025-04-04 10:46:27.555363,5,new,correct
2025-04-04 10:46:27.555962,5,new,correct
2025-04-04 10:46:27.556553,5,new,correct
2025-04-04 10:46:27.557144,5,new,correct
2025-04-04 10:46:27.557734,5,new,correct
2025-04-04 10:46:27.558333,5,new,correct
2025-04-04 10:46:27.558930,5,new,correct
2025-04-04 10:46:27.559524,5,new,correct
2025-04-04 10:46:27.560132,5,new,correct
2025-04-04 10:46:27.560725,5,new,correct
2025-04-04 10:46:27.561344,5,new,correct
2025-04-04 10:46:27.561956,5,new,correct
2025-04-04 10:46:27.562556,5,new,correct
2025-04-04 10:46:27.563157,5,new,correct
2025-04-04 10:46:27.563754,5,new,correct
2025-04-04 10:46:27.564358,5,new,correct
2025-04-04 10:46:27.564966,5,new,correct
2025-04-04 10:46:27.565572,5,new,correct
2025-04-04 10:46:27.566179,5,new,correct
2025-04-04 10:46:27.566781,5,new,correct
2025-04-04 10:46:27.567394,5,new,correct
2025-04-04 10:46:27.568006,5,new,correct
2025-04-04 10:46:27.568611,5,new,correct
2025-04-04 10:46:27.569226,5,new,correct
2025-04-04 10:46:27.569824,5,new,correct
2025-04-04 10:46:27.570426,5,new,correct
2025-04-04 10:46:27.571027,5,new,correct
2025-04-04 10:46:27.571618,5,new,correct
2025-04-04 10:46:27.572224,5,new,correct
2025-04-04 10:46:27.572818,5,new,correct
2025-04-04 10:46:27.573429,5,new,correct
2025-04-04 10:46:27.574039,5,new,correct
2025-04-04 10:46:27.574637,5,new,correct
2025-04-04 10:46:27.575242,5,new,correct
2025-04-04 10:46:27.575841,5,new,correct
2025-04-04 10:46:27.576450,5,new,correct
2025-04-04 10:46:27.577069,5,new,correct
2025-04-04 10:46:27.577677,5,new,correct
2025-04-04 10:46:27.578277,5,new,correct
2025-04-04 10:46:27.578884,5,new,correct
2025-04-04 10:46:27.579487,5,new,correct
2025-04-04 10:46:27.580108,5,new,correct
2025-04-04 10:46:27.580714,5,new,correct
2025-04-04 10:46:27.581342,5,new,correct
2025-04-04 10:46:27.581971,5,new,correct
2025-04-04 10:46:27.582589,5,new,correct
2025-04-04 10:46:27.583216,5,new,correct
2025-04-04 10:46:27.583844,5,new,correct
2025-04-04 10:46:27.584472,5,new,correct
2025-04-04 10:46:27.585097,5,new,correct
2025-04-04 10:46:27.585705,5,new,correct
2025-04-04 10:46:27.586325,5,new,correct
2025-04-04 10:46:27.586948,5,new,correct
2025-04-04 10:46:27.587569,5,new,correct
2025-04-04 10:46:27.588286,5,new,correct
2025-04-04 10:46:27.588925,5,new,correct
2025-04-04 10:46:27.589551,5,new,correct
2025-04-04 10:46:27.590180,5,new,correct
2025-04-04 10:46:27.590803,5,new,correct
2025-04-04 10:46:27.591431,5,new,correct
2025-04-04 10:46:27.592059,5,new,correct
2025-04-04 10:46:27.592673,5,new,correct
2025-04-04 10:46:27.593300,5,new,correct
2025-04-04 10:46:27.593931,5,new,correct
2025-04-04 10:46:27.594568,5,new,correct
2025-04-04 10:46:27.595204,5,new,correct
2025-04-04 10:46:27.595824,5,new,correct
2025-04-04 10:46:27.596457,5,new,correct
2025-04-04 10:46:27.597084,5,new,correct
2025-04-04 10:46:27.597720,5,new,correct
2025-04-04 10:46:27.598365,5,new,correct
2025-04-04 10:46:27.599008,5,new,correct
2025-04-04 10:46:27.599643,5,new,correct
2025-04-04 10:46:27.600290,5,new,correct
2025-04-04 10:46:27.600931,5,new,correct
2025-04-04 10:46:27.601578,5,new,correct
2025-04-04 10:46:27.602223,5,new,correct
2025-04-04 10:46:27.602868,5,new,correct
2025-04-04 10:46:27.603518,5,new,correct
2025-04-04 10:46:27.604169,5,new,correct
2025-04-04 10:46:27.604833,5,new,correct
2025-04-04 10:46:27.605493,5,new,correct
2025-04-04 10:46:27.606157,5,new,correct
2025-04-04 10:46:27.606804,5,new,correct
2025-04-04 10:46:27.607489,5,new,correct
2025-04-04 10:46:27.608152,5,new,correct
2025-04-04 10:46:27.608826,5,new,correct
2025-04-04 10:46:27.609485,5,new,correct
2025-04-04 10:46:27.610142,5,new,correct
2025-04-04 10:46:27.610800,5,new,correct
2025-04-04 10:46:27.611457,5,new,correct
2025-04-04 10:46:27.612122,5,new,correct
2025-04-04 10:46:27.612773,5,new,correct
2025-04-04 10:46:27.613436,5,new,correct
2025-04-04 10:46:27.614101,5,new,correct
2025-04-04 10:46:27.614760,5,new,correct
2025-04-04 10:46:27.615431,5,new,correct
2025-04-04 10:46:27.616097,5,new,correct
2025-04-04 10:46:27.616760,5,new,correct
2025-04-04 10:46:27.617428,5,new,correct
2025-04-04 10:46:27.618106,5,new,correct
2025-04-04 10:46:27.618766,5,new,correct
2025-04-04 10:46:27.619430,5,new,correct
2025-04-04 10:46:27.620103,5,new,correct
2025-04-04 10:46:27.620779,5,new,correct
2025-04-04 10:46:27.621453,5,new,correct
2025-04-04 10:46:27.622123,5,new,correct
2025-04-04 10:46:27.622788,5,new,correct
2025-04-04 10:46:27.623459,5,new,correct
2025-04-04 10:46:27.624137,5,new,correct
2025-04-04 10:46:27.624797,5,new,correct
2025-04-04 10:46:27.625478,5,new,correct
2025-04-04 10:46:27.626151,5,new,correct
2025-04-04 10:46:27.626815,5,new,correct
2025-04-04 10:46:27.627492,5,new,correct
2025-04-04 10:46:27.628173,5,new,correct
2025-04-04 10:46:27.628845,5,new,correct
2025-04-04 10:46:27.629520,5,new,correct
2025-04-04 10:46:27.630205,5,new,correct
2025-04-04 10:46:27.630883,5,new,correct
2025-04-04 10:46:27.631557,5,new,correct
2025-04-04 10:46:27.632241,5,new,correct
2025-04-04 10:46:27.632911,5,new,correct
2025-04-04 10:46:27.633579,5,new,correct
2025-04-04 10:46:27.634257,5,new,correct
2025-04-04 10:46:27.634934,5,new,correct
2025-04-04 10:46:27.635619,5,new,correct
2025-04-04 10:46:27.636303,5,new,correct
2025-04-04 10:46:27.636994,5,new,correct
2025-04-04 10:46:27.637670,5,new,correct
2025-04-04 10:46:27.638352,5,new,correct
2025-04-04 10:46:27.639040,5,new,correct
2025-04-04 10:46:27.639716,5,new,correct
2025-04-04 10:46:27.640410,5,new,correct
2025-04-04 10:46:27.641108,5,new,correct
2025-04-04 10:46:27.641790,5,new,correct
2025-04-04 10:46:27.642495,5,new,correct
2025-04-04 10:46:27.643191,5,new,correct
2025-04-04 10:46:27.643868,5,new,correct
2025-04-04 10:46:27.644558,5,new,correct
2025-04-04 10:46:27.645255,5,new,correct
2025-04-04 10:46:27.645950,5,new,correct
2025-04-04 10:46:27.646643,5,new,correct
2025-04-04 10:46:27.647338,5,new,correct
2025-04-04 10:46:27.648029,5,new,correct
2025-04-04 10:46:27.648716,5,new,correct
2025-04-04 10:46:27.649410,5,new,correct
2025-04-04 10:46:27.650104,5,new,correct
2025-04-04 10:46:27.650793,5,new,correct
2025-04-04 10:46:27.651494,5,new,correct
2025-04-04 10:46:27.652187,5,new,correct
2025-04-04 10:46:27.652883,5,new,correct
2025-04-04 10:46:27.653575,5,new,correct
2025-04-04 10:46:27.654283,5,new,correct
2025-04-04 10:46:27.654985,5,new,correct
2025-04-04 10:46:27.655678,5,new,correct
2025-04-04 10:46:27.656392,5,new,correct
2025-04-04 10:46:27.657109,5,new,correct
2025-04-04 10:46:27.657812,5,new,correct
2025-04-04 10:46:27.658517,5,new,correct
2025-04-04 10:46:27.659222,5,new,correct
2025-04-04 10:46:27.659931,5,new,correct
2025-04-04 10:46:27.660629,5,new,correct
2025-04-04 10:46:27.661344,5,new,correct
2025-04-04 10:46:27.662061,5,new,correct
2025-04-04 10:46:27.662763,5,new,correct
2025-04-04 10:46:27.663484,5,new,correct
2025-04-04 10:46:27.664206,5,new,correct
2025-04-04 10:46:27.664935,5,new,correct
2025-04-04 10:46:27.665647,5,new,correct
2025-04-04 10:46:27.666373,5,new,correct
2025-04-04 10:46:27.667114,5,new,correct
2025-04-04 10:46:27.667827,5,new,correct
2025-04-04 10:46:27.668555,5,new,correct
2025-04-04 10:46:27.669283,5,new,correct
2025-04-04 10:46:27.670014,5,new,correct
2025-04-04 10:46:27.670731,5,new,correct
2025-04-04 10:46:27.671462,5,new,correct
2025-04-04 10:46:27.672199,5,new,correct
2025-04-04 10:46:27.672930,5,new,correct
2025-04-04 10:46:27.673659,5,new,correct
2025-04-04 10:46:27.674397,5,new,correct
2025-04-04 10:46:27.675131,5,new,correct
2025-04-04 10:46:27.675860,5,new,correct
2025-04-04 10:46:27.676597,5,new,correct
2025-04-04 10:46:27.677356,5,new,correct
2025-04-04 10:46:27.678089,5,new,correct
2025-04-04 10:46:27.678819,5,new,correct
2025-04-04 10:46:27.679554,5,new,correct
2025-04-04 10:46:27.680281,5,new,correct
2025-04-04 10:46:27.681015,5,new,correct
2025-04-04 10:46:27.681746,5,new,correct
2025-04-04 10:46:27.682478,5,new,correct
2025-04-04 10:46:27.683213,5,new,correct
2025-04-04 10:46:27.683964,5,new,correct
2025-04-04 10:46:27.684697,5,new,correct
2025-04-04 10:46:27.685431,5,new,correct
2025-04-04 10:46:27.686183,5,new,correct
2025-04-04 10:46:27.686928,5,new,correct
2025-04-04 10:46:27.687676,5,new,correct
2025-04-04 10:46:27.688418,5,new,correct
2025-04-04 10:46:27.689178,5,new,correct
2025-04-04 10:46:27.689922,5,new,correct
2025-04-04 10:46:27.690655,5,new,correct
2025-04-04 10:46:27.691414,5,new,correct
2025-04-04 10:46:27.692160,5,new,correct
2025-04-04 10:46:27.692906,5,new,correct
2025-04-04 10:46:27.693644,5,new,correct
2025-04-04 10:46:27.694408,5,new,correct
2025-04-04 10:46:27.695164,5,new,correct
2025-04-04 10:46:27.695909,5,new,correct
2025-04-04 10:46:27.696655,5,new,correct
2025-04-04 10:46:27.697415,5,new,correct
2025-04-04 10:46:27.698181,5,new,correct
2025-04-04 10:46:27.698937,5,new,correct
2025-04-04 10:46:27.699688,5,new,correct
2025-04-04 10:46:27.700451,5,new,correct
2025-04-04 10:46:27.701208,5,new,correct
2025-04-04 10:46:27.701973,5,new,correct
2025-04-04 10:46:27.702727,5,new,correct
2025-04-04 10:46:27.703491,5,new,correct
2025-04-04 10:46:27.704248,5,new,correct
2025-04-04 10:46:27.705010,5,new,correct
2025-04-04 10:46:27.705769,5,new,correct
2025-04-04 10:46:27.706544,5,new,correct
2025-04-04 10:46:27.707303,5,new,correct
2025-04-04 10:46:27.708090,5,new,correct
2025-04-04 10:46:27.708859,5,new,correct
2025-04-04 10:46:27.709622,5,new,correct
2025-04-04 10:46:27.710383,5,new,correct
2025-04-04 10:46:27.711161,5,new,correct
2025-04-04 10:46:27.711929,5,new,correct
2025-04-04 10:46:27.712693,5,new,correct
2025-04-04 10:46:27.713454,5,new,correct
2025-04-04 10:46:27.714226,5,new,correct
2025-04-04 10:46:27.714997,5,new,correct
2025-04-04 10:46:27.715769,5,new,correct
2025-04-04 10:46:27.716549,5,new,correct
2025-04-04 10:46:27.717326,5,new,correct
2025-04-04 10:46:27.718110,5,new,correct
2025-04-04 10:46:27.718897,5,new,correct
2025-04-04 10:46:27.719668,5,new,correct
2025-04-04 10:46:27.720444,5,new,correct
2025-04-04 10:46:27.721221,5,new,correct
2025-04-04 10:46:27.722006,5,new,correct
2025-04-04 10:46:27.722776,5,new,correct
2025-04-04 10:46:27.723558,5,new,correct
2025-04-04 10:46:27.724334,5,new,correct
2025-04-04 10:46:27.725108,5,new,correct
2025-04-04 10:46:27.725872,5,new,correct
2025-04-04 10:46:27.726641,5,new,correct
2025-04-04 10:46:27.727417,5,new,correct
2025-04-04 10:46:27.728189,5,new,correct
2025-04-04 10:46:27.728973,5,new,correct
2025-04-04 10:46:27.729743,5,new,correct
2025-04-04 10:46:27.730522,5,new,correct
2025-04-04 10:46:27.731299,5,new,correct
2025-04-04 10:46:27.732086,5,new,correct
2025-04-04 10:46:27.732860,5,new,correct
2025-04-04 10:46:27.733642,5,new,correct
2025-04-04 10:46:27.734424,5,new,correct
2025-04-04 10:46:27.735195,5,new,correct
2025-04-04 10:46:27.735958,5,new,correct
2025-04-04 10:46:27.736719,5,new,correct
2025-04-04 10:46:27.737480,5,new,correct
2025-04-04 10:46:27.738244,5,new,correct
2025-04-04 10:46:27.739285,5,new,correct
2025-04-04 10:46:27.740353,5,new,correct
2025-04-04 10:46:27.741176,5,new,correct
2025-04-04 10:46:27.741989,5,new,correct
2025-04-04 10:46:27.742794,5,new,correct
2025-04-04 10:46:27.743603,5,new,correct
2025-04-04 10:46:27.744411,5,new,correct
2025-04-04 10:46:27.745241,5,new,correct
2025-04-04 10:46:27.746058,5,new,correct
2025-04-04 10:46:27.747012,5,new,correct
2025-04-04 10:46:27.747853,5,new,correct
2025-04-04 10:46:27.748670,5,new,correct
2025-04-04 10:46:27.749492,5,new,correct
2025-04-04 10:46:27.750307,5,new,correct
2025-04-04 10:46:27.751128,5,new,correct
2025-04-04 10:46:27.751958,5,new,correct
2025-04-04 10:46:27.752771,5,new,correct
2025-04-04 10:46:27.753592,5,new,correct
2025-04-04 10:46:27.754409,5,new,correct
2025-04-04 10:46:27.755231,5,new,correct
2025-04-04 10:46:27.756047,5,new,correct
2025-04-04 10:46:27.756862,5,new,correct
2025-04-04 10:46:27.757687,5,new,correct
2025-04-04 10:46:27.758516,5,new,correct
2025-04-04 10:46:27.759338,5,new,correct
2025-04-04 10:46:27.760168,5,new,correct
2025-04-04 10:46:27.760998,5,new,correct
2025-04-04 10:46:27.761820,5,new,correct
2025-04-04 10:46:27.762653,5,new,correct
2025-04-04 10:46:27.763615,5,new,correct
2025-04-04 10:46:27.764448,5,new,correct
2025-04-04 10:46:27.765279,5,new,correct
2025-04-04 10:46:27.766101,5,new,correct
2025-04-04 10:46:27.766924,5,new,correct
2025-04-04 10:46:27.767745,5,new,correct
2025-04-04 10:46:27.768586,5,new,correct
2025-04-04 10:46:27.769426,5,new,correct
2025-04-04 10:46:27.770275,5,new,correct
2025-04-04 10:46:27.771105,5,new,correct
2025-04-04 10:46:27.771934,5,new,correct
2025-04-04 10:46:27.772780,5,new,correct
2025-04-04 10:46:27.773628,5,new,correct
2025-04-04 10:46:27.774470,5,new,correct
2025-04-04 10:46:27.775313,5,new,correct
2025-04-04 10:46:27.776158,5,new,correct
2025-04-04 10:46:27.776997,5,new,correct
2025-04-04 10:46:27.777830,5,new,correct
2025-04-04 10:46:27.778685,5,new,correct
2025-04-04 10:46:27.779529,5,new,correct
2025-04-04 10:46:27.780403,5,new,correct
2025-04-04 10:46:27.781337,5,new,correct
2025-04-04 10:46:27.782191,5,new,correct
2025-04-04 10:46:27.783050,5,new,correct
2025-04-04 10:46:27.783888,5,new,correct
2025-04-04 10:46:27.784730,5,new,correct
2025-04-04 10:46:27.785594,5,new,correct
2025-04-04 10:46:27.786454,5,new,correct
2025-04-04 10:46:27.787304,5,new,correct
2025-04-04 10:46:27.788154,5,new,correct
2025-04-04 10:46:27.789025,5,new,correct
2025-04-04 10:46:27.789869,5,new,correct
2025-04-04 10:46:27.790716,5,new,correct
2025-04-04 10:46:27.791561,5,new,correct
2025-04-04 10:46:27.792411,5,new,correct
2025-04-04 10:46:27.793270,5,new,correct
2025-04-04 10:46:27.794157,5,new,correct
2025-04-04 10:46:27.795016,5,new,correct
2025-04-04 10:46:27.795862,5,new,correct
2025-04-04 10:46:27.796831,5,new,correct
2025-04-04 10:46:27.797687,5,new,correct
2025-04-04 10:46:27.798542,5,new,correct
2025-04-04 10:46:27.799399,5,new,correct
2025-04-04 10:46:27.800262,5,new,correct
2025-04-04 10:46:27.801124,5,new,correct
2025-04-04 10:46:27.802009,5,new,correct
2025-04-04 10:46:27.802843,5,new,correct
2025-04-04 10:46:27.803683,5,new,correct
2025-04-04 10:46:27.804542,5,new,correct
2025-04-04 10:46:27.805396,5,new,correct
2025-04-04 10:46:27.806245,5,new,correct
2025-04-04 10:46:27.807095,5,new,correct
2025-04-04 10:46:27.807943,5,new,correct
2025-04-04 10:46:27.808787,5,new,correct
2025-04-04 10:46:27.809630,5,new,correct
2025-04-04 10:46:27.810468,5,new,correct
2025-04-04 10:46:27.811312,5,new,correct
2025-04-04 10:46:27.812158,5,new,correct
2025-04-04 10:46:27.813168,5,new,correct
2025-04-04 10:46:27.814025,5,new,correct
2025-04-04 10:46:27.814864,5,new,correct
2025-04-04 10:46:27.815708,5,new,correct
2025-04-04 10:46:27.816595,5,new,correct
2025-04-04 10:46:27.817454,5,new,correct
2025-04-04 10:46:27.818333,5,new,correct
2025-04-04 10:46:27.819187,5,new,correct
2025-04-04 10:46:27.820051,5,new,correct
2025-04-04 10:46:27.820906,5,new,correct
2025-04-04 10:46:27.821753,5,new,correct
2025-04-04 10:46:27.822605,5,new,correct
2025-04-04 10:46:27.823459,5,new,correct
2025-04-04 10:46:27.824313,5,new,correct
2025-04-04 10:46:27.825169,5,new,correct
2025-04-04 10:46:27.826022,5,new,correct
2025-04-04 10:46:27.826884,5,new,correct
2025-04-04 10:46:27.827742,5,new,correct
2025-04-04 10:46:27.828607,5,new,correct
2025-04-04 10:46:27.829503,5,new,correct
2025-04-04 10:46:27.830443,5,new,correct
2025-04-04 10:46:27.831374,5,new,correct
2025-04-04 10:46:27.832246,5,new,correct
2025-04-04 10:46:27.833116,5,new,correct
2025-04-04 10:46:27.833989,5,new,correct
2025-04-04 10:46:27.834843,5,new,correct
2025-04-04 10:46:27.835741,5,new,correct
2025-04-04 10:46:27.836615,5,new,correct
2025-04-04 10:46:27.837489,5,new,correct
2025-04-04 10:46:27.838364,5,new,correct
2025-04-04 10:46:27.839240,5,new,correct
2025-04-04 10:46:27.840104,5,new,correct
2025-04-04 10:46:27.840988,5,new,correct
2025-04-04 10:46:27.841859,5,new,correct
2025-04-04 10:46:27.842730,5,new,correct
2025-04-04 10:46:27.843598,5,new,correct
2025-04-04 10:46:27.844486,5,new,correct
2025-04-04 10:46:27.845392,5,new,correct
2025-04-04 10:46:27.846277,5,new,correct
2025-04-04 10:46:27.847286,5,new,correct
2025-04-04 10:46:27.848169,5,new,correct
2025-04-04 10:46:27.849051,5,new,correct
2025-04-04 10:46:27.849927,5,new,correct
2025-04-04 10:46:27.850798,5,new,correct
2025-04-04 10:46:27.851690,5,new,correct
2025-04-04 10:46:27.852577,5,new,correct
2025-04-04 10:46:27.853467,5,new,correct
2025-04-04 10:46:27.854346,5,new,correct
2025-04-04 10:46:27.855228,5,new,correct
2025-04-04 10:46:27.856098,5,new,correct
2025-04-04 10:46:27.856978,5,new,correct
2025-04-04 10:46:27.857875,5,new,correct
2025-04-04 10:46:27.858760,5,new,correct
2025-04-04 10:46:27.859644,5,new,correct
2025-04-04 10:46:27.860530,5,new,correct
2025-04-04 10:46:27.861416,5,new,correct
2025-04-04 10:46:27.862303,5,new,correct
2025-04-04 10:46:27.863176,5,new,correct
2025-04-04 10:46:27.864068,5,new,correct
2025-04-04 10:46:27.864953,5,new,correct
2025-04-04 10:46:27.865968,5,new,correct
2025-04-04 10:46:27.866851,5,new,correct
2025-04-04 10:46:27.867725,5,new,correct
2025-04-04 10:46:27.868627,5,new,correct
2025-04-04 10:46:27.869517,5,new,correct
2025-04-04 10:46:27.870401,5,new,correct
2025-04-04 10:46:27.871293,5,new,correct
2025-04-04 10:46:27.872183,5,new,correct
2025-04-04 10:46:27.873088,5,new,correct
2025-04-04 10:46:27.873989,5,new,correct
2025-04-04 10:46:27.874873,5,new,correct
2025-04-04 10:46:27.875765,5,new,correct
2025-04-04 10:46:27.876694,5,new,correct
2025-04-04 10:46:27.877594,5,new,correct
2025-04-04 10:46:27.878496,5,new,correct
2025-04-04 10:46:27.879397,5,new,correct
2025-04-04 10:46:27.880386,5,new,correct
2025-04-04 10:46:27.881314,5,new,correct
2025-04-04 10:46:27.882212,5,new,correct
2025-04-04 10:46:27.883107,5,new,correct
2025-04-04 10:46:27.884005,5,new,correct
2025-04-04 10:46:27.884896,5,new,correct
2025-04-04 10:46:27.885798,5,new,correct
2025-04-04 10:46:27.886698,5,new,correct
2025-04-04 10:46:27.887607,5,new,correct
2025-04-04 10:46:27.888512,5,new,correct
2025-04-04 10:46:27.889425,5,new,correct
2025-04-04 10:46:27.890324,5,new,correct
2025-04-04 10:46:27.891218,5,new,correct
2025-04-04 10:46:27.892124,5,new,correct
2025-04-04 10:46:27.893033,5,new,correct
2025-04-04 10:46:27.893946,5,new,correct
2025-04-04 10:46:27.894856,5,new,correct
2025-04-04 10:46:27.895761,5,new,correct
2025-04-04 10:46:27.896665,5,new,correct
2025-04-04 10:46:27.897573,5,new,correct
2025-04-04 10:46:27.898599,5,new,correct
2025-04-04 10:46:27.899521,5,new,correct
2025-04-04 10:46:27.900425,5,new,correct
2025-04-04 10:46:27.901334,5,new,correct
2025-04-04 10:46:27.902255,5,new,correct
2025-04-04 10:46:27.903166,5,new,correct
2025-04-04 10:46:27.904074,5,new,correct
2025-04-04 10:46:27.905002,5,new,correct
2025-04-04 10:46:27.905928,5,new,correct
2025-04-04 10:46:27.906840,5,new,correct
2025-04-04 10:46:27.907754,5,new,correct
2025-04-04 10:46:27.908672,5,new,correct
2025-04-04 10:46:27.909598,5,new,correct
2025-04-04 10:46:27.910526,5,new,correct
2025-04-04 10:46:27.911443,5,new,correct
2025-04-04 10:46:27.912350,5,new,correct
2025-04-04 10:46:27.913410,5,new,correct
2025-04-04 10:46:27.914347,5,new,correct
2025-04-04 10:46:27.915268,5,new,correct
2025-04-04 10:46:27.916192,5,new,correct
2025-04-04 10:46:27.917113,5,new,correct
2025-04-04 10:46:27.918030,5,new,correct
2025-04-04 10:46:27.918975,5,new,correct
2025-04-04 10:46:27.919895,5,new,correct
2025-04-04 10:46:27.920883,5,new,correct
2025-04-04 10:46:27.921815,5,new,correct
2025-04-04 10:46:27.922761,5,new,correct
2025-04-04 10:46:27.923689,5,new,correct
2025-04-04 10:46:27.924620,5,new,correct
2025-04-04 10:46:27.925544,5,new,correct
2025-04-04 10:46:27.926481,5,new,correct
2025-04-04 10:46:27.927423,5,new,correct
2025-04-04 10:46:27.928363,5,new,correct
2025-04-04 10:46:27.929332,5,new,correct
2025-04-04 10:46:27.930381,5,new,correct
2025-04-04 10:46:27.931324,5,new,correct
2025-04-04 10:46:27.932271,5,new,correct
2025-04-04 10:46:27.933209,5,new,correct
2025-04-04 10:46:27.934149,5,new,correct
2025-04-04 10:46:27.935103,5,new,correct
2025-04-04 10:46:27.936067,5,new,correct
2025-04-04 10:46:27.937006,5,new,correct
2025-04-04 10:46:27.937947,5,new,correct
2025-04-04 10:46:27.938891,5,new,correct
2025-04-04 10:46:27.939824,5,new,correct
2025-04-04 10:46:27.941126,5,new,correct
2025-04-04 10:46:27.942153,5,new,correct
2025-04-04 10:46:27.943103,5,new,correct
2025-04-04 10:46:27.944067,5,new,correct
2025-04-04 10:46:27.945052,5,new,correct
2025-04-04 10:46:27.946025,5,new,correct
2025-04-04 10:46:27.947130,5,new,correct
2025-04-04 10:46:27.948100,5,new,correct
2025-04-04 10:46:27.949058,5,new,correct
2025-04-04 10:46:27.950011,5,new,correct
2025-04-04 10:46:27.950963,5,new,correct
2025-04-04 10:46:27.951935,5,new,correct
2025-04-04 10:46:27.952895,5,new,correct
2025-04-04 10:46:27.953841,5,new,correct
2025-04-04 10:46:27.954799,5,new,correct
2025-04-04 10:46:27.955766,5,new,correct
2025-04-04 10:46:27.956741,5,new,correct
2025-04-04 10:46:27.957727,5,new,correct
2025-04-04 10:46:27.958695,5,new,correct
2025-04-04 10:46:27.959653,5,new,correct
2025-04-04 10:46:27.960616,5,new,correct
2025-04-04 10:46:27.961590,5,new,correct
2025-04-04 10:46:27.962563,5,new,correct
2025-04-04 10:46:27.963696,5,new,correct
2025-04-04 10:46:27.964677,5,new,correct
2025-04-04 10:46:27.965650,5,new,correct
2025-04-04 10:46:27.966615,5,new,correct
2025-04-04 10:46:27.967629,5,new,correct
2025-04-04 10:46:27.968618,5,new,correct
2025-04-04 10:46:27.969589,5,new,correct
2025-04-04 10:46:27.970554,5,new,correct
2025-04-04 10:46:27.971558,5,new,correct
2025-04-04 10:46:27.972555,5,new,correct
2025-04-04 10:46:27.973593,5,new,correct
2025-04-04 10:46:27.974582,5,new,correct
2025-04-04 10:46:27.975562,5,new,correct
2025-04-04 10:46:27.976565,5,new,correct
2025-04-04 10:46:27.977569,5,new,correct
2025-04-04 10:46:27.978541,5,new,correct
2025-04-04 10:46:27.979554,5,new,correct
2025-04-04 10:46:27.980530,5,new,correct
2025-04-04 10:46:27.981700,5,new,correct
2025-04-04 10:46:27.982717,5,new,correct
2025-04-04 10:46:27.983706,5,new,correct
2025-04-04 10:46:27.984731,5,new,correct
2025-04-04 10:46:27.985778,5,new,correct
2025-04-04 10:46:27.986784,5,new,correct
2025-04-04 10:46:27.987766,5,new,correct
2025-04-04 10:46:27.988810,5,new,correct
2025-04-04 10:46:27.989829,5,new,correct
2025-04-04 10:46:27.990837,5,new,correct
2025-04-04 10:46:27.991836,5,new,correct
2025-04-04 10:46:27.992869,5,new,correct
2025-04-04 10:46:27.993890,5,new,correct
2025-04-04 10:46:27.994932,5,new,correct
2025-04-04 10:46:27.995944,5,new,correct
2025-04-04 10:46:27.997114,5,new,correct
2025-04-04 10:46:27.998137,5,new,correct
2025-04-04 10:46:27.999122,5,new,correct
2025-04-04 10:46:28.000099,5,new,correct
2025-04-04 10:46:28.001143,5,new,correct
2025-04-04 10:46:28.002169,5,new,correct
2025-04-04 10:46:28.003188,5,new,correct
2025-04-04 10:46:28.004195,5,new,correct
2025-04-04 10:46:28.005225,5,new,correct
2025-04-04 10:46:28.006240,5,new,correct
2025-04-04 10:46:28.007254,5,new,correct
2025-04-04 10:46:28.008269,5,new,correct
2025-04-04 10:46:28.009260,5,new,correct
2025-04-04 10:46:28.010274,5,new,correct
2025-04-04 10:46:28.011294,5,new,correct
2025-04-04 10:46:28.012311,5,new,correct
2025-04-04 10:46:28.013448,5,new,correct
2025-04-04 10:46:28.014456,5,new,correct
2025-04-04 10:46:28.015491,5,new,correct
2025-04-04 10:46:28.016528,5,new,correct
2025-04-04 10:46:28.017533,5,new,correct
2025-04-04 10:46:28.018589,5,new,correct
2025-04-04 10:46:28.019606,5,new,correct
2025-04-04 10:46:28.020638,5,new,correct
2025-04-04 10:46:28.021657,5,new,correct
2025-04-04 10:46:28.022668,5,new,correct
2025-04-04 10:46:28.023700,5,new,correct
2025-04-04 10:46:28.024727,5,new,correct
2025-04-04 10:46:28.025745,5,new,correct
2025-04-04 10:46:28.026756,5,new,correct
2025-04-04 10:46:28.027773,5,new,correct
2025-04-04 10:46:28.028785,5,new,correct
2025-04-04 10:46:28.029866,5,new,correct
2025-04-04 10:46:28.030969,5,new,correct
2025-04-04 10:46:28.031988,5,new,correct
2025-04-04 10:46:28.033005,5,new,correct
2025-04-04 10:46:28.034025,5,new,correct
2025-04-04 10:46:28.035069,5,new,correct
2025-04-04 10:46:28.036110,5,new,correct
2025-04-04 10:46:28.037216,5,new,correct
2025-04-04 10:46:28.038245,5,new,correct
2025-04-04 10:46:28.039285,5,new,correct
2025-04-04 10:46:28.040318,5,new,correct
2025-04-04 10:46:28.041342,5,new,correct
2025-04-04 10:46:28.042386,5,new,correct
2025-04-04 10:46:28.043410,5,new,correct
2025-04-04 10:46:28.044432,5,new,correct
2025-04-04 10:46:28.045463,5,new,correct
2025-04-04 10:46:28.046491,5,new,correct
2025-04-04 10:46:28.047519,5,new,correct
2025-04-04 10:46:28.048545,5,new,correct
2025-04-04 10:46:28.049590,5,new,correct
2025-04-04 10:46:28.050612,5,new,correct
2025-04-04 10:46:28.051648,5,new,correct
2025-04-04 10:46:28.052671,5,new,correct
2025-04-04 10:46:28.053695,5,new,correct
2025-04-04 10:46:28.054721,5,new,correct
2025-04-04 10:46:28.055751,5,new,correct
2025-04-04 10:46:28.056782,5,new,correct
2025-04-04 10:46:28.057814,5,new,correct
2025-04-04 10:46:28.058885,5,new,correct
2025-04-04 10:46:28.059922,5,new,correct
2025-04-04 10:46:28.060965,5,new,correct
2025-04-04 10:46:28.061995,5,new,correct
2025-04-04 10:46:28.063038,5,new,correct
2025-04-04 10:46:28.064075,5,new,correct
2025-04-04 10:46:28.065104,5,new,correct
2025-04-04 10:46:28.066145,5,new,correct
2025-04-04 10:46:28.067179,5,new,correct
2025-04-04 10:46:28.068224,5,new,correct
2025-04-04 10:46:28.069260,5,new,correct
2025-04-04 10:46:28.070304,5,new,correct
2025-04-04 10:46:28.071335,5,new,correct
2025-04-04 10:46:28.072371,5,new,correct
2025-04-04 10:46:28.073403,5,new,correct
2025-04-04 10:46:28.074450,5,new,correct
2025-04-04 10:46:28.075499,5,new,correct
2025-04-04 10:46:28.076538,5,new,correct
2025-04-04 10:46:28.077582,5,new,correct
2025-04-04 10:46:28.078634,5,new,correct
2025-04-04 10:46:28.079713,5,new,correct
2025-04-04 10:46:28.080779,5,new,correct
2025-04-04 10:46:28.082001,5,new,correct
2025-04-04 10:46:28.083103,5,new,correct
2025-04-04 10:46:28.084183,5,new,correct
2025-04-04 10:46:28.085266,5,new,correct
2025-04-04 10:46:28.086352,5,new,correct
2025-04-04 10:46:28.087441,5,new,correct
2025-04-04 10:46:28.088514,5,new,correct
2025-04-04 10:46:28.089571,5,new,correct
2025-04-04 10:46:28.090688,5,new,correct
2025-04-04 10:46:28.091780,5,new,correct
2025-04-04 10:46:28.092866,5,new,correct
2025-04-04 10:46:28.093931,5,new,correct
2025-04-04 10:46:28.095042,5,new,correct
2025-04-04 10:46:28.096127,5,new,correct
2025-04-04 10:46:28.097337,5,new,correct
2025-04-04 10:46:28.098434,5,new,correct
2025-04-04 10:46:28.099543,5,new,correct
2025-04-04 10:46:28.100645,5,new,correct
2025-04-04 10:46:28.101749,5,new,correct
2025-04-04 10:46:28.102818,5,new,correct
2025-04-04 10:46:28.103968,5,new,correct
2025-04-04 10:46:28.105098,5,new,correct
2025-04-04 10:46:28.106201,5,new,correct
2025-04-04 10:46:28.107259,5,new,correct
2025-04-04 10:46:28.108388,5,new,correct
2025-04-04 10:46:28.109471,5,new,correct
2025-04-04 10:46:28.110560,5,new,correct
2025-04-04 10:46:28.111683,5,new,correct
2025-04-04 10:46:28.112859,5,new,correct
2025-04-04 10:46:28.114028,5,new,correct
2025-04-04 10:46:28.115135,5,new,correct
2025-04-04 10:46:28.116238,5,new,correct
2025-04-04 10:46:28.117341,5,new,correct
2025-04-04 10:46:28.118451,5,new,correct
2025-04-04 10:46:28.119549,5,new,correct
2025-04-04 10:46:28.120625,5,new,correct
2025-04-04 10:46:28.121723,5,new,correct
2025-04-04 10:46:28.122813,5,new,correct
2025-04-04 10:46:28.123895,5,new,correct
2025-04-04 10:46:28.124981,5,new,correct
2025-04-04 10:46:28.126066,5,new,correct
2025-04-04 10:46:28.127179,5,new,correct
2025-04-04 10:46:28.128259,5,new,correct
2025-04-04 10:46:28.129340,5,new,correct
2025-04-04 10:46:28.130587,5,new,correct
2025-04-04 10:46:28.131682,5,new,correct
2025-04-04 10:46:28.132777,5,new,correct
2025-04-04 10:46:28.133863,5,new,correct
2025-04-04 10:46:28.134969,5,new,correct
2025-04-04 10:46:28.136058,5,new,correct
2025-04-04 10:46:28.137154,5,new,correct
2025-04-04 10:46:28.138247,5,new,correct
2025-04-04 10:46:28.139330,5,new,correct
2025-04-04 10:46:28.140412,5,new,correct
2025-04-04 10:46:28.141496,5,new,correct
2025-04-04 10:46:28.142949,5,new,correct
2025-04-04 10:46:28.144096,5,new,correct
2025-04-04 10:46:28.145205,5,new,correct
2025-04-04 10:46:28.146470,5,new,correct
2025-04-04 10:46:28.147579,5,new,correct
2025-04-04 10:46:28.148669,5,new,correct
2025-04-04 10:46:28.149754,5,new,correct
2025-04-04 10:46:28.150843,5,new,correct
2025-04-04 10:46:28.151956,5,new,correct
2025-04-04 10:46:28.153070,5,new,correct
2025-04-04 10:46:28.154157,5,new,correct
2025-04-04 10:46:28.155242,5,new,correct
2025-04-04 10:46:28.156325,5,new,correct
2025-04-04 10:46:28.157419,5,new,correct
2025-04-04 10:46:28.158534,5,new,correct
2025-04-04 10:46:28.159627,5,new,correct
2025-04-04 10:46:28.160716,5,new,correct
2025-04-04 10:46:28.161815,5,new,correct
2025-04-04 10:46:28.163050,5,new,correct
2025-04-04 10:46:28.164169,5,new,correct
2025-04-04 10:46:28.165276,5,new,correct
2025-04-04 10:46:28.166375,5,new,correct
2025-04-04 10:46:28.167471,5,new,correct
2025-04-04 10:46:28.168584,5,new,correct
2025-04-04 10:46:28.169696,5,new,correct
2025-04-04 10:46:28.170794,5,new,correct
2025-04-04 10:46:28.171910,5,new,correct
2025-04-04 10:46:28.173014,5,new,correct
2025-04-04 10:46:28.174128,5,new,correct
2025-04-04 10:46:28.175234,5,new,correct
2025-04-04 10:46:28.176330,5,new,correct
2025-04-04 10:46:28.177431,5,new,correct
2025-04-04 10:46:28.178551,5,new,correct
2025-04-04 10:46:28.179684,5,new,correct
2025-04-04 10:46:28.180902,5,new,correct
2025-04-04 10:46:28.182025,5,new,correct
2025-04-04 10:46:28.183131,5,new,correct
2025-04-04 10:46:28.184233,5,new,correct
2025-04-04 10:46:28.185357,5,new,correct
2025-04-04 10:46:28.186478,5,new,correct
2025-04-04 10:46:28.187588,5,new,correct
2025-04-04 10:46:28.188696,5,new,correct
2025-04-04 10:46:28.189815,5,new,correct
2025-04-04 10:46:28.190950,5,new,correct
2025-04-04 10:46:28.192066,5,new,correct
2025-04-04 10:46:28.193177,5,new,correct
2025-04-04 10:46:28.194300,5,new,correct
2025-04-04 10:46:28.195426,5,new,correct
2025-04-04 10:46:28.196665,5,new,correct
2025-04-04 10:46:28.197809,5,new,correct
2025-04-04 10:46:28.198943,5,new,correct
2025-04-04 10:46:28.200064,5,new,correct
2025-04-04 10:46:28.201177,5,new,correct
2025-04-04 10:46:28.202304,5,new,correct
2025-04-04 10:46:28.203422,5,new,correct
2025-04-04 10:46:28.204535,5,new,correct
2025-04-04 10:46:28.205666,5,new,correct
2025-04-04 10:46:28.206791,5,new,correct
2025-04-04 10:46:28.207918,5,new,correct
2025-04-04 10:46:28.209044,5,new,correct
2025-04-04 10:46:28.210162,5,new,correct
2025-04-04 10:46:28.211286,5,new,correct
2025-04-04 10:46:28.212406,5,new,correct
2025-04-04 10:46:28.213528,5,new,correct
2025-04-04 10:46:28.214649,5,new,correct
2025-04-04 10:46:28.215953,5,new,correct
2025-04-04 10:46:28.217114,5,new,correct
2025-04-04 10:46:28.218244,5,new,correct
2025-04-04 10:46:28.219381,5,new,correct
2025-04-04 10:46:28.220505,5,new,correct
2025-04-04 10:46:28.221645,5,new,correct
2025-04-04 10:46:28.222775,5,new,correct
2025-04-04 10:46:28.223912,5,new,correct
2025-04-04 10:46:28.225046,5,new,correct
2025-04-04 10:46:28.226181,5,new,correct
2025-04-04 10:46:28.227319,5,new,correct
2025-04-04 10:46:28.228451,5,new,correct
2025-04-04 10:46:28.229592,5,new,correct
2025-04-04 10:46:28.230733,5,new,correct
2025-04-04 10:46:28.231870,5,new,correct
2025-04-04 10:46:28.233016,5,new,correct
2025-04-04 10:46:28.234155,5,new,correct
2025-04-04 10:46:28.235301,5,new,correct
2025-04-04 10:46:28.236465,5,new,correct
2025-04-04 10:46:28.237620,5,new,correct
2025-04-04 10:46:28.238756,5,new,correct
2025-04-04 10:46:28.239912,5,new,correct
2025-04-04 10:46:28.241116,5,new,correct
2025-04-04 10:46:28.242264,5,new,correct
2025-04-04 10:46:28.243424,5,new,correct
2025-04-04 10:46:28.244569,5,new,correct
2025-04-04 10:46:28.245732,5,new,correct
2025-04-04 10:46:28.246892,5,new,correct
2025-04-04 10:46:28.248047,5,new,correct
2025-04-04 10:46:28.249361,5,new,correct
2025-04-04 10:46:28.250532,5,new,correct
2025-04-04 10:46:28.251696,5,new,correct
2025-04-04 10:46:28.252855,5,new,correct
2025-04-04 10:46:28.254019,5,new,correct
2025-04-04 10:46:28.255160,5,new,correct
2025-04-04 10:46:28.256314,5,new,correct
2025-04-04 10:46:28.257469,5,new,correct
2025-04-04 10:46:28.258628,5,new,correct
2025-04-04 10:46:28.259792,5,new,correct
2025-04-04 10:46:28.260955,5,new,correct
2025-04-04 10:46:28.262119,5,new,correct
2025-04-04 10:46:28.263282,5,new,correct
2025-04-04 10:46:28.264434,5,new,correct
2025-04-04 10:46:28.265595,5,new,correct
2025-04-04 10:46:28.266754,5,new,correct
2025-04-04 10:46:28.267942,5,new,correct
2025-04-04 10:46:28.269105,5,new,correct
2025-04-04 10:46:28.270266,5,new,correct
2025-04-04 10:46:28.271420,5,new,correct
2025-04-04 10:46:28.272579,5,new,correct
2025-04-04 10:46:28.273743,5,new,correct
2025-04-04 10:46:28.274924,5,new,correct
2025-04-04 10:46:28.276104,5,new,correct
2025-04-04 10:46:28.277277,5,new,correct
2025-04-04 10:46:28.278568,5,new,correct
2025-04-04 10:46:28.279847,5,new,correct
2025-04-04 10:46:28.281217,5,new,correct
2025-04-04 10:46:28.282440,5,new,correct
2025-04-04 10:46:28.283629,5,new,correct
2025-04-04 10:46:28.284801,5,new,correct
2025-04-04 10:46:28.286012,5,new,correct
2025-04-04 10:46:28.287181,5,new,correct
2025-04-04 10:46:28.288341,5,new,correct
2025-04-04 10:46:28.289522,5,new,correct
2025-04-04 10:46:28.290687,5,new,correct
2025-04-04 10:46:28.291857,5,new,correct
2025-04-04 10:46:28.293052,5,new,correct
2025-04-04 10:46:28.294238,5,new,correct
2025-04-04 10:46:28.295406,5,new,correct
2025-04-04 10:46:28.296851,5,new,correct
2025-04-04 10:46:28.298109,5,new,correct
2025-04-04 10:46:28.299365,5,new,correct
2025-04-04 10:46:28.300634,5,new,correct
2025-04-04 10:46:28.302002,5,new,correct
2025-04-04 10:46:28.303585,5,new,correct
2025-04-04 10:46:28.305007,5,new,correct
2025-04-04 10:46:28.306215,5,new,correct
2025-04-04 10:46:28.307441,5,new,correct
2025-04-04 10:46:28.308714,5,new,correct
2025-04-04 10:46:28.310281,5,new,correct
2025-04-04 10:46:28.312165,5,new,correct
2025-04-04 10:46:28.313637,5,new,correct
2025-04-04 10:46:28.314903,5,new,correct
2025-04-04 10:46:28.316163,5,new,correct
2025-04-04 10:46:28.317434,5,new,correct
2025-04-04 10:46:28.318695,5,new,correct
2025-04-04 10:46:28.319966,5,new,correct
2025-04-04 10:46:28.321253,5,new,correct
2025-04-04 10:46:28.322537,5,new,correct
2025-04-04 10:46:28.323798,5,new,correct
2025-04-04 10:46:28.325061,5,new,correct
2025-04-04 10:46:28.326319,5,new,correct
2025-04-04 10:46:28.327566,5,new,correct
2025-04-04 10:46:28.328789,5,new,correct
2025-04-04 10:46:28.330019,5,new,correct
2025-04-04 10:46:28.331233,5,new,correct
2025-04-04 10:46:28.332447,5,new,correct
2025-04-04 10:46:28.333683,5,new,correct
2025-04-04 10:46:28.334923,5,new,correct
2025-04-04 10:46:28.336129,5,new,correct
2025-04-04 10:46:28.337361,5,new,correct
2025-04-04 10:46:28.338635,5,new,correct
2025-04-04 10:46:28.339858,5,new,correct
2025-04-04 10:46:28.341060,5,new,correct
2025-04-04 10:46:28.342256,5,new,correct
2025-04-04 10:46:28.343469,5,new,correct
2025-04-04 10:46:28.345048,5,new,correct
2025-04-04 10:46:28.346333,5,new,correct
2025-04-04 10:46:28.347532,5,new,correct
2025-04-04 10:46:28.348724,5,new,correct
2025-04-04 10:46:28.349977,5,new,correct
2025-04-04 10:46:28.351175,5,new,correct
2025-04-04 10:46:28.352364,5,new,correct
2025-04-04 10:46:28.353555,5,new,correct
2025-04-04 10:46:28.354752,5,new,correct
2025-04-04 10:46:28.355950,5,new,correct
2025-04-04 10:46:28.357151,5,new,correct
2025-04-04 10:46:28.358493,5,new,correct
2025-04-04 10:46:28.359740,5,new,correct
2025-04-04 10:46:28.360959,5,new,correct
2025-04-04 10:46:28.362162,5,new,correct
2025-04-04 10:46:28.363372,5,new,correct
2025-04-04 10:46:28.364645,5,new,correct
2025-04-04 10:46:28.365844,5,new,correct
2025-04-04 10:46:28.367049,5,new,correct
2025-04-04 10:46:28.368255,5,new,correct
2025-04-04 10:46:28.369464,5,new,correct
2025-04-04 10:46:28.370661,5,new,correct
2025-04-04 10:46:28.371937,5,new,correct
2025-04-04 10:46:28.373165,5,new,correct
2025-04-04 10:46:28.374455,5,new,correct
2025-04-04 10:46:28.375704,5,new,correct
2025-04-04 10:46:28.376939,5,new,correct
2025-04-04 10:46:28.378161,5,new,correct
2025-04-04 10:46:28.379375,5,new,correct
2025-04-04 10:46:28.380592,5,new,correct
2025-04-04 10:46:28.381814,5,new,correct
2025-04-04 10:46:28.383045,5,new,correct
2025-04-04 10:46:28.384265,5,new,correct
2025-04-04 10:46:28.385581,5,new,correct
2025-04-04 10:46:28.386818,5,new,correct
2025-04-04 10:46:28.388063,5,new,correct
2025-04-04 10:46:28.389339,5,new,correct
2025-04-04 10:46:28.390575,5,new,correct
2025-04-04 10:46:28.392261,5,new,correct
2025-04-04 10:46:28.394097,5,new,correct
2025-04-04 10:46:28.395870,5,new,correct
2025-04-04 10:46:28.397131,5,new,correct
2025-04-04 10:46:28.398372,5,new,correct
2025-04-04 10:46:28.399613,5,new,correct
2025-04-04 10:46:28.400857,5,new,correct
2025-04-04 10:46:28.402093,5,new,correct
2025-04-04 10:46:28.403321,5,new,correct
2025-04-04 10:46:28.404566,5,new,correct
2025-04-04 10:46:28.405806,5,new,correct
2025-04-04 10:46:28.407062,5,new,correct
2025-04-04 10:46:28.408301,5,new,correct
2025-04-04 10:46:28.409550,5,new,correct
2025-04-04 10:46:28.410777,5,new,correct
2025-04-04 10:46:28.412017,5,new,correct
2025-04-04 10:46:28.413244,5,new,correct
2025-04-04 10:46:28.414483,5,new,correct
2025-04-04 10:46:28.415712,5,new,correct
2025-04-04 10:46:28.416948,5,new,correct
2025-04-04 10:46:28.418184,5,new,correct
2025-04-04 10:46:28.419437,5,new,correct
2025-04-04 10:46:28.420665,5,new,correct
2025-04-04 10:46:28.421903,5,new,correct
2025-04-04 10:46:28.423167,5,new,correct
2025-04-04 10:46:28.424414,5,new,correct
2025-04-04 10:46:28.425646,5,new,correct
2025-04-04 10:46:28.426898,5,new,correct
2025-04-04 10:46:28.428137,5,new,correct
2025-04-04 10:46:28.429383,5,new,correct
2025-04-04 10:46:28.430624,5,new,correct
2025-04-04 10:46:28.431862,5,new,correct
2025-04-04 10:46:28.433110,5,new,correct
2025-04-04 10:46:28.434370,5,new,correct
2025-04-04 10:46:28.435626,5,new,correct
2025-04-04 10:46:28.436908,5,new,correct
2025-04-04 10:46:28.438183,5,new,correct
2025-04-04 10:46:28.439450,5,new,correct
2025-04-04 10:46:28.440706,5,new,correct
2025-04-04 10:46:28.441973,5,new,correct
2025-04-04 10:46:28.443232,5,new,correct
2025-04-04 10:46:28.444528,5,new,correct
2025-04-04 10:46:28.445808,5,new,correct
2025-04-04 10:46:28.447226,5,new,correct
2025-04-04 10:46:28.448499,5,new,correct
2025-04-04 10:46:28.449766,5,new,correct
2025-04-04 10:46:28.451061,5,new,correct
2025-04-04 10:46:28.452357,5,new,correct
2025-04-04 10:46:28.453631,5,new,correct
2025-04-04 10:46:28.454899,5,new,correct
2025-04-04 10:46:28.456165,5,new,correct
2025-04-04 10:46:28.457438,5,new,correct
2025-04-04 10:46:28.458741,5,new,correct
2025-04-04 10:46:28.460049,5,new,correct
2025-04-04 10:46:28.461325,5,new,correct
2025-04-04 10:46:28.462590,5,new,correct
2025-04-04 10:46:28.463874,5,new,correct
2025-04-04 10:46:28.465270,5,new,correct
2025-04-04 10:46:28.466529,5,new,correct
2025-04-04 10:46:28.467830,5,new,correct
2025-04-04 10:46:28.469177,5,new,correct
2025-04-04 10:46:28.470466,5,new,correct
2025-04-04 10:46:28.471754,5,new,correct
2025-04-04 10:46:28.473061,5,new,correct
2025-04-04 10:46:28.474371,5,new,correct
2025-04-04 10:46:28.475636,5,new,correct
2025-04-04 10:46:28.476969,5,new,correct
2025-04-04 10:46:28.478258,5,new,correct
2025-04-04 10:46:28.479530,5,new,correct
2025-04-04 10:46:28.480941,5,new,correct
2025-04-04 10:46:28.482218,5,new,correct
2025-04-04 10:46:28.483517,5,new,correct
2025-04-04 10:46:28.484853,5,new,correct
2025-04-04 10:46:28.486182,5,new,correct
